scan_id,timestamp,symbol,current_price,technical_filter_pass,technical_filter_score,price_above_hma200,hma200_rising,hma_macd_bullish,macd_histogram_rising,sqzmom_green,volume_multiple,rsi,smart_money_score,preset,price_after,return_pct,max_return_pct,min_return_pct,checked_at,holding_minutes,error
20260612_172037,2026-06-12 17:20:39,PRK,177.76,True,5,True,True,True,True,True,0.7399,68.683,20,smoke_test,180.3,1.4289,1.8227,0.6976,2026-06-15 20:29:05,4508,
20260612_172037,2026-06-12 17:20:39,ODV,2.5,False,2,False,False,False,True,True,0.3055,39.2523,0,smoke_test,2.59,3.6,4.4,2.8,2026-06-15 20:29:08,4508,
20260612_172037,2026-06-12 17:20:40,LPG,43.54,True,4,True,True,True,True,False,0.7609,40.3212,40,smoke_test,45.2,3.8126,3.8126,2.3197,2026-06-15 20:29:08,4508,
20260612_172037,2026-06-12 17:20:41,REZI,31.17,False,2,False,False,False,True,True,0.759,59.9631,20,smoke_test,31.68,1.6362,1.8287,0.6737,2026-06-15 20:29:08,4508,
20260612_172037,2026-06-12 17:20:41,JMIA,7.17,True,4,True,False,True,True,True,0.7956,51.1551,20,smoke_test,7.08,-1.2552,-0.3487,-2.3556,2026-06-15 20:29:09,4508,
20260612_172037,2026-06-12 17:20:42,SFLR,38.11,True,4,True,True,False,True,True,0.4343,49.1892,40,smoke_test,38.24,0.3411,0.5904,0.2771,2026-06-15 20:29:09,4508,
20260612_172037,2026-06-12 17:20:43,IFV,27.518,True,3,False,True,False,True,True,0.6288,48.0774,40,smoke_test,27.88,1.3155,1.3155,0.3162,2026-06-15 20:29:09,4508,
20260612_172037,2026-06-12 17:20:43,HII,300.95,True,3,False,False,True,True,True,1.0665,40.0813,20,smoke_test,297.77,-1.0567,-0.4918,-1.3756,2026-06-15 20:29:09,4508,
20260612_172037,2026-06-12 17:20:44,NEM,97.59,False,2,False,False,False,True,True,1.2358,36.0348,0,smoke_test,100.21,2.6847,3.1868,2.2133,2026-06-15 20:29:10,4508,
20260612_172037,2026-06-12 17:20:45,NFG,76.8,False,1,False,False,True,False,False,0.7518,22.9746,0,smoke_test,77.57,1.0026,1.1979,0.5794,2026-06-15 20:29:10,4508,
20260612_172037,2026-06-12 17:20:46,PWR,683.29,False,2,False,True,False,False,True,0.8325,42.0812,40,smoke_test,707.95,3.609,3.909,3.0324,2026-06-15 20:29:10,4508,
20260612_172037,2026-06-12 17:20:46,KMX,51.57,True,4,True,True,False,True,True,1.336,92.65,20,smoke_test,51.25,-0.6205,0.6205,-0.8338,2026-06-15 20:29:10,4508,
20260612_172037,2026-06-12 17:20:47,MTW,12.21,False,1,False,False,False,False,True,1.8885,57.3446,40,smoke_test,12.46,2.0475,2.4161,1.0647,2026-06-15 20:29:11,4508,
20260612_172037,2026-06-12 17:20:48,PDI,16.43,False,1,False,False,False,False,True,1.1931,48.1062,20,smoke_test,16.31,-0.7304,-0.4869,-1.0956,2026-06-15 20:29:11,4508,
20260612_172037,2026-06-12 17:20:49,BRLN,50.815,True,3,True,True,False,True,False,0.3692,57.9969,40,smoke_test,50.84,0.0492,0.2968,0.0492,2026-06-15 20:29:11,4508,
20260612_172037,2026-06-12 17:20:50,BRKC,40.396,True,3,True,True,True,False,False,0.6809,53.6581,20,smoke_test,40.7159,0.7919,0.7919,0.4307,2026-06-15 20:29:11,4508,
20260612_172037,2026-06-12 17:20:51,KHC,24.22,True,5,True,True,True,True,True,0.7099,60.9296,40,smoke_test,24.39,0.7019,0.7845,-0.1235,2026-06-15 20:29:12,4508,
20260612_172037,2026-06-12 17:20:52,IMAX,42.12,True,3,True,True,False,True,False,1.0928,76.5464,20,smoke_test,42.24,0.2849,0.3324,-0.7123,2026-06-15 20:29:12,4508,
20260612_172037,2026-06-12 17:20:53,J,126.31,True,3,True,False,False,True,True,1.2423,70.5767,0,smoke_test,126.96,0.5146,1.433,0.0633,2026-06-15 20:29:12,4508,
20260612_172037,2026-06-12 17:20:53,SBH,13.56,True,4,True,False,True,True,True,0.9247,64.4022,20,smoke_test,13.865,2.2493,2.3968,0.9587,2026-06-15 20:29:12,4508,
20260612_172037,2026-06-12 17:20:54,JAKK,22.35,True,4,False,True,True,True,True,0.553,57.4212,40,smoke_test,22.51,0.7159,2.1253,0.0447,2026-06-15 20:29:13,4508,
20260612_172037,2026-06-12 17:20:55,JANX,13.66,True,4,True,True,False,True,True,1.084,39.3768,0,smoke_test,13.56,-0.7321,0.5124,-0.8419,2026-06-15 20:29:13,4508,
20260612_172037,2026-06-12 17:20:55,JAZZ,236.17,True,5,True,True,True,True,True,1.0192,46.6667,40,smoke_test,230.62,-2.35,-1.0247,-2.5914,2026-06-15 20:29:13,4508,
20260612_172037,2026-06-12 17:20:56,JBHT,289.14,True,3,True,True,False,False,True,0.6705,78.0003,20,smoke_test,289.28,0.0484,0.7436,-0.3597,2026-06-15 20:29:13,4508,
20260612_172037,2026-06-12 17:20:57,JD,28.06,False,2,False,True,True,False,False,0.921,23.0648,0,smoke_test,28.56,1.7819,2.2274,1.6037,2026-06-15 20:29:14,4508,
20260612_172037,2026-06-12 17:20:57,RBB,24.5,True,4,True,True,True,True,False,1.1809,66.9725,20,smoke_test,24.779,1.1388,1.4694,-0.1633,2026-06-15 20:29:14,4508,
20260612_172037,2026-06-12 17:20:58,NAK,1.95,True,4,True,True,False,True,True,0.8563,42.5197,40,smoke_test,2.03,4.1026,4.6154,3.5897,2026-06-15 20:29:14,4508,
20260612_172037,2026-06-12 17:20:59,JAAA,50.59,True,4,True,True,False,True,True,1.1,84.0391,20,smoke_test,50.61,0.0395,0.0395,0.0198,2026-06-15 20:29:15,4508,
20260612_172037,2026-06-12 17:20:59,SAP,163.64,False,2,True,True,False,False,False,1.2352,40.9091,20,smoke_test,164.22,0.3544,0.4461,-0.8066,2026-06-15 20:29:15,4508,
